{
  "success": true,
  "strategy_path": ".ralph-amm/research/forks/shl0k28/strategies/Strategy.sol",
  "timestamp": "2026-02-11T12:17:22.501294",
  "config": {
    "screen_sims": 200,
    "screen_min_edge": 375.0,
    "predicted_drop": -8.2,
    "predicted_min_edge": 500.0,
    "robust_free_spread": 50.0,
    "robust_penalty_per_point": 0.02
  },
  "validation": {
    "valid": true,
    "errors": [],
    "warnings": []
  },
  "compilation": {
    "success": true,
    "errors": [],
    "warnings": []
  },
  "testing": {
    "edge_10": 555.8907774858285,
    "edge_100": 533.12249898556,
    "edge_screen": 533.12249898556,
    "screen_sims": 200,
    "predicted_edge_1000": 524.92249898556,
    "gate": {
      "screen_sims": 200,
      "screen_min_edge": 375.0,
      "predicted_drop": -8.2,
      "predicted_min_edge": 500.0,
      "screen_pass": true,
      "predicted_pass": true,
      "run_1000": true
    },
    "edge_1000": 525.0767180190599,
    "metrics_1000": {
      "submission_edge": 525.0767180190599,
      "normalizer_edge": 361.5243329037177,
      "edge_advantage": 163.55238511534213,
      "submission_retail_volume": 76378.1149389531,
      "normalizer_retail_volume": 83556.48743225895,
      "retail_volume_advantage": -7178.37249330584,
      "submission_arb_volume": 22220.14285355626,
      "normalizer_arb_volume": 44172.384503273985,
      "arb_volume_advantage": -21952.241649717726,
      "submission_avg_bid_fee": 0.0038282882971342773,
      "submission_avg_ask_fee": 0.0036173949846647143,
      "fee_asymmetry": -0.00021089331246956333,
      "edge_percentiles": {
        "p05": 386.08527922262357,
        "p50": 523.7912941022361,
        "p95": 675.7743582263312
      },
      "wins": 1000,
      "losses": 0,
      "draws": 0
    },
    "regime_tests": {
      "high_vol": 519.8628510898909,
      "low_vol": 521.72514715824,
      "high_retail": 709.5027001701726,
      "low_retail": 362.55537437274353,
      "spread": 346.9473257974291,
      "weakest_regime": "low_retail",
      "weakest_edge": 362.55537437274353,
      "strongest_edge": 709.5027001701726,
      "spread_warning": true
    },
    "robustness": {
      "base_edge_1000": 525.0767180190599,
      "spread": 346.9473257974291,
      "free_spread": 50.0,
      "penalty_per_point": 0.02,
      "penalty": 5.938946515948581,
      "final_score": 519.1377715031113
    }
  },
  "runtime": {
    "smoke_10_seconds": 0.6739320755004883,
    "screen_seconds": 8.190471887588501,
    "baseline_1000_seconds": 75.68132305145264,
    "regime_tests_seconds": 15.468542098999023,
    "total_seconds": 102.89160132408142
  },
  "strategy_name": "BandShield_ghost",
  "final_edge": 525.0767180190599,
  "final_score": 519.1377715031113,
  "git_sha": "f3cce4d",
  "git_dirty": true
}