{
  "success": true,
  "strategy_path": ".ralph-amm/research/forks/shl0k28/strategies/Strategy.sol",
  "timestamp": "2026-02-11T12:20:36.057951",
  "config": {
    "screen_sims": 200,
    "screen_min_edge": 375.0,
    "predicted_drop": -8.2,
    "predicted_min_edge": 500.0,
    "robust_free_spread": 50.0,
    "robust_penalty_per_point": 0.02
  },
  "validation": {
    "valid": true,
    "errors": [],
    "warnings": []
  },
  "compilation": {
    "success": true,
    "errors": [],
    "warnings": []
  },
  "testing": {
    "edge_10": 506.8591166604458,
    "edge_100": 525.6059447284548,
    "edge_screen": 525.6059447284548,
    "screen_sims": 200,
    "predicted_edge_1000": 517.4059447284548,
    "gate": {
      "screen_sims": 200,
      "screen_min_edge": 375.0,
      "predicted_drop": -8.2,
      "predicted_min_edge": 500.0,
      "screen_pass": true,
      "predicted_pass": true,
      "run_1000": true
    },
    "edge_1000": 520.472225831951,
    "metrics_1000": {
      "submission_edge": 520.472225831951,
      "normalizer_edge": 359.3970083210192,
      "edge_advantage": 161.07521751093185,
      "submission_retail_volume": 75978.8890714687,
      "normalizer_retail_volume": 83085.70679373345,
      "retail_volume_advantage": -7106.81772226475,
      "submission_arb_volume": 22220.726755954005,
      "normalizer_arb_volume": 43998.6117611654,
      "arb_volume_advantage": -21777.885005211392,
      "submission_avg_bid_fee": 0.003884328247283949,
      "submission_avg_ask_fee": 0.0035987363925887757,
      "fee_asymmetry": -0.00028559185469517317,
      "edge_percentiles": {
        "p05": 377.7510790749355,
        "p50": 520.6637150786389,
        "p95": 672.6220699190545
      },
      "wins": 1000,
      "losses": 0,
      "draws": 0
    },
    "regime_tests": {
      "high_vol": 519.8628510898909,
      "low_vol": 521.72514715824,
      "high_retail": 709.5027001701726,
      "low_retail": 362.55537437274353,
      "spread": 346.9473257974291,
      "weakest_regime": "low_retail",
      "weakest_edge": 362.55537437274353,
      "strongest_edge": 709.5027001701726,
      "spread_warning": true
    },
    "robustness": {
      "base_edge_1000": 520.472225831951,
      "spread": 346.9473257974291,
      "free_spread": 50.0,
      "penalty_per_point": 0.02,
      "penalty": 5.938946515948581,
      "final_score": 514.5332793160024
    }
  },
  "runtime": {
    "smoke_10_seconds": 0.6833679676055908,
    "screen_seconds": 7.184237003326416,
    "baseline_1000_seconds": 61.17410898208618,
    "regime_tests_seconds": 14.677266836166382,
    "total_seconds": 84.80094885826111
  },
  "strategy_name": "BandShield_ghost",
  "final_edge": 520.472225831951,
  "final_score": 514.5332793160024,
  "git_sha": "f3cce4d",
  "git_dirty": true
}