{
  "success": true,
  "strategy_path": ".ralph-amm/research/forks/shl0k28/strategies/Strategy.sol",
  "timestamp": "2026-02-11T12:19:08.244357",
  "config": {
    "screen_sims": 200,
    "screen_min_edge": 375.0,
    "predicted_drop": -8.2,
    "predicted_min_edge": 500.0,
    "robust_free_spread": 50.0,
    "robust_penalty_per_point": 0.02
  },
  "validation": {
    "valid": true,
    "errors": [],
    "warnings": []
  },
  "compilation": {
    "success": true,
    "errors": [],
    "warnings": []
  },
  "testing": {
    "edge_10": 504.86984021453304,
    "edge_100": 522.2701312498394,
    "edge_screen": 522.2701312498394,
    "screen_sims": 200,
    "predicted_edge_1000": 514.0701312498394,
    "gate": {
      "screen_sims": 200,
      "screen_min_edge": 375.0,
      "predicted_drop": -8.2,
      "predicted_min_edge": 500.0,
      "screen_pass": true,
      "predicted_pass": true,
      "run_1000": true
    },
    "edge_1000": 525.2042376783212,
    "metrics_1000": {
      "submission_edge": 525.2042376783212,
      "normalizer_edge": 360.1707013848182,
      "edge_advantage": 165.033536293503,
      "submission_retail_volume": 76104.54285852142,
      "normalizer_retail_volume": 83153.97428304346,
      "retail_volume_advantage": -7049.43142452203,
      "submission_arb_volume": 22281.264705390848,
      "normalizer_arb_volume": 44120.687974889144,
      "arb_volume_advantage": -21839.423269498297,
      "submission_avg_bid_fee": 0.003856648725858566,
      "submission_avg_ask_fee": 0.003608265020470243,
      "fee_asymmetry": -0.00024838370538832297,
      "edge_percentiles": {
        "p05": 387.1519576031383,
        "p50": 519.2197972443316,
        "p95": 674.0941298345152
      },
      "wins": 1000,
      "losses": 0,
      "draws": 0
    },
    "regime_tests": {
      "high_vol": 519.8628510898909,
      "low_vol": 521.72514715824,
      "high_retail": 709.5027001701726,
      "low_retail": 362.55537437274353,
      "spread": 346.9473257974291,
      "weakest_regime": "low_retail",
      "weakest_edge": 362.55537437274353,
      "strongest_edge": 709.5027001701726,
      "spread_warning": true
    },
    "robustness": {
      "base_edge_1000": 525.2042376783212,
      "spread": 346.9473257974291,
      "free_spread": 50.0,
      "penalty_per_point": 0.02,
      "penalty": 5.938946515948581,
      "final_score": 519.2652911623726
    }
  },
  "runtime": {
    "smoke_10_seconds": 0.7044510841369629,
    "screen_seconds": 7.287672996520996,
    "baseline_1000_seconds": 61.65623211860657,
    "regime_tests_seconds": 14.580382347106934,
    "total_seconds": 85.3782091140747
  },
  "strategy_name": "BandShield_ghost",
  "final_edge": 525.2042376783212,
  "final_score": 519.2652911623726,
  "git_sha": "f3cce4d",
  "git_dirty": true
}