{
  "success": true,
  "strategy_path": ".ralph-amm/research/forks/MacroWang001/strategies/yq-v2_523.sol",
  "timestamp": "2026-02-11T12:23:33.375451",
  "config": {
    "screen_sims": 200,
    "screen_min_edge": 375.0,
    "predicted_drop": -8.2,
    "predicted_min_edge": 500.0,
    "robust_free_spread": 50.0,
    "robust_penalty_per_point": 0.02
  },
  "validation": {
    "valid": true,
    "errors": [],
    "warnings": []
  },
  "compilation": {
    "success": true,
    "errors": [],
    "warnings": []
  },
  "testing": {
    "edge_10": 504.7742793244799,
    "edge_100": 521.9951209744099,
    "edge_screen": 521.9951209744099,
    "screen_sims": 200,
    "predicted_edge_1000": 513.7951209744099,
    "gate": {
      "screen_sims": 200,
      "screen_min_edge": 375.0,
      "predicted_drop": -8.2,
      "predicted_min_edge": 500.0,
      "screen_pass": true,
      "predicted_pass": true,
      "run_1000": true
    },
    "edge_1000": 524.8266943359401,
    "metrics_1000": {
      "submission_edge": 524.82669433594,
      "normalizer_edge": 362.9613514921238,
      "edge_advantage": 161.86534284381622,
      "submission_retail_volume": 75446.08297354012,
      "normalizer_retail_volume": 83809.67394319874,
      "retail_volume_advantage": -8363.590969658617,
      "submission_arb_volume": 22439.238236099278,
      "normalizer_arb_volume": 44395.85612351797,
      "arb_volume_advantage": -21956.617887418695,
      "submission_avg_bid_fee": 0.003855231966991056,
      "submission_avg_ask_fee": 0.0037052170376569537,
      "fee_asymmetry": -0.00015001492933410177,
      "edge_percentiles": {
        "p05": 386.8360149849876,
        "p50": 518.9883761786668,
        "p95": 673.045429307826
      },
      "wins": 1000,
      "losses": 0,
      "draws": 0
    },
    "regime_tests": {
      "high_vol": 519.5287574336896,
      "low_vol": 521.4720974681309,
      "high_retail": 709.1483506460304,
      "low_retail": 362.26917460765156,
      "spread": 346.87917603837883,
      "weakest_regime": "low_retail",
      "weakest_edge": 362.26917460765156,
      "strongest_edge": 709.1483506460304,
      "spread_warning": true
    },
    "robustness": {
      "base_edge_1000": 524.8266943359401,
      "spread": 346.87917603837883,
      "free_spread": 50.0,
      "penalty_per_point": 0.02,
      "penalty": 5.937583520767577,
      "final_score": 518.8891108151726
    }
  },
  "runtime": {
    "smoke_10_seconds": 0.7172558307647705,
    "screen_seconds": 7.537764072418213,
    "baseline_1000_seconds": 63.48032093048096,
    "regime_tests_seconds": 15.350558996200562,
    "total_seconds": 88.2726788520813
  },
  "strategy_name": "yq-v2-MacroWang",
  "final_edge": 524.8266943359401,
  "final_score": 518.8891108151726,
  "git_sha": "f3cce4d",
  "git_dirty": true
}