{
  "success": true,
  "strategy_path": "contracts/src/StarterStrategy.sol",
  "timestamp": "2026-02-10T10:01:36.411873",
  "validation": {
    "valid": true,
    "errors": [],
    "warnings": []
  },
  "compilation": {
    "success": true,
    "errors": [],
    "warnings": []
  },
  "testing": {
    "edge_10": 392.07657723047777,
    "edge_100": 379.80672133368176,
    "edge_1000": 369.4498037581402,
    "metrics_1000": {
      "submission_edge": 369.4498037581402,
      "normalizer_edge": 452.5129224015507,
      "edge_advantage": -83.06311864341052,
      "submission_retail_volume": 55615.42329471499,
      "normalizer_retail_volume": 104267.24560975435,
      "retail_volume_advantage": -48651.82231503936,
      "submission_arb_volume": 22526.888104299123,
      "normalizer_arb_volume": 53752.718104937405,
      "arb_volume_advantage": -31225.83000063828,
      "submission_avg_bid_fee": 0.005000000000000713,
      "submission_avg_ask_fee": 0.005000000000000713,
      "fee_asymmetry": 0.0,
      "edge_percentiles": {
        "p05": 277.18339521033323,
        "p50": 369.2640715649511,
        "p95": 465.54667949742446
      },
      "wins": 0,
      "losses": 1000,
      "draws": 0
    }
  },
  "runtime": {
    "smoke_10_seconds": 0.3417069911956787,
    "dev_100_seconds": 2.040052890777588,
    "baseline_1000_seconds": 45.46680665016174,
    "total_seconds": 48.10827708244324
  },
  "strategy_name": "StarterStrategy",
  "final_edge": 369.4498037581402,
  "git_sha": "bcfad60",
  "git_dirty": true
}