{
  "success": true,
  "strategy_path": ".ralph-amm/generated/strategy_009_task_1_8.sol",
  "timestamp": "2026-02-10T09:01:43.819068",
  "validation": {
    "valid": true,
    "errors": [],
    "warnings": []
  },
  "compilation": {
    "success": true,
    "errors": [],
    "warnings": []
  },
  "testing": {
    "edge_10": 396.71408802558545,
    "edge_100": 383.969364402352,
    "edge_1000": 373.30907586180695
  },
  "runtime": {
    "smoke_10_seconds": 0.3879659175872803,
    "dev_100_seconds": 2.0824790000915527,
    "baseline_1000_seconds": 20.690062761306763,
    "total_seconds": 23.286083221435547
  },
  "strategy_name": "FixedFee_55bps",
  "final_edge": 373.30907586180695
}