{
  "timestamp": "2026-02-10T21:24:39.377349",
  "n_simulations": 30,
  "edge_curves": {
    "total_edge": 488.50609691982106,
    "early_game_edge": 180.1372456975958,
    "mid_game_edge": 223.82175225914747,
    "late_game_edge": 84.54709896307881,
    "early_game_pct": 36.875127420807175,
    "mid_game_pct": 45.81759647840865,
    "late_game_pct": 17.30727610078439,
    "max_drawdown_step": 44,
    "peak_edge_step": 9833,
    "n_simulations": 30
  },
  "price_regimes": {},
  "fee_timing": {
    "avg_timing_correctness": 4.37330153047165,
    "timing_std": 0.6547860307268665,
    "timing_interpretation": "GOOD: High fees align with high mispricing",
    "n_simulations": 30
  },
  "arb_detection": {
    "avg_correction_rate": 0.3012367903457012,
    "correction_rate_std": 0.017328435421419514,
    "interpretation": "Arb corrects price 30.1% of steps - partial arb signal, need fallback",
    "n_simulations": 30
  },
  "comparison": {}
}