{
  "timestamp": "2026-02-10T19:33:20.602722",
  "n_simulations": 30,
  "edge_curves": {
    "total_edge": 487.98748611254075,
    "early_game_edge": 180.0437110885317,
    "mid_game_edge": 223.61357092860248,
    "late_game_edge": 84.33020409540731,
    "early_game_pct": 36.89514920204523,
    "mid_game_pct": 45.82362812415076,
    "late_game_pct": 17.28122267380416,
    "max_drawdown_step": 44,
    "peak_edge_step": 9833,
    "n_simulations": 30
  },
  "price_regimes": {},
  "fee_timing": {
    "avg_timing_correctness": 5.020060047106251,
    "timing_std": 0.6944644794862508,
    "timing_interpretation": "GOOD: High fees align with high mispricing",
    "n_simulations": 30
  },
  "arb_detection": {
    "avg_correction_rate": 0.2980898089808981,
    "correction_rate_std": 0.01759830494594268,
    "interpretation": "Arb corrects price 29.8% of steps - unreliable arb signal",
    "n_simulations": 30
  },
  "comparison": {}
}